date_time,traffic_volume
2024-01-01 00:00:00,1719.2179542388994
2024-01-01 01:00:00,2252.315440031801
2024-01-01 02:00:00,1831.8862248756068
2024-01-01 03:00:00,2248.9511361172295
2024-01-01 04:00:00,2319.0341892858523
2024-01-01 05:00:00,2086.6430429933616
2024-01-01 06:00:00,2355.664608353528
2024-01-01 07:00:00,2357.0765990409423
2024-01-01 08:00:00,2463.7699335915318
2024-01-01 09:00:00,2383.5734445247444
2024-01-01 10:00:00,2483.4368965358367
2024-01-01 11:00:00,2369.0234290313565
2024-01-01 12:00:00,2608.8154422067137
2024-01-01 13:00:00,2497.748740924795
2024-01-01 14:00:00,2553.267655327231
2024-01-01 15:00:00,2871.1658428916726
2024-01-01 16:00:00,2744.76743364826
2024-01-01 17:00:00,2474.4085696558814
2024-01-01 18:00:00,2522.166169187235
2024-01-01 19:00:00,2682.9210847648383
2024-01-01 20:00:00,2336.848246928041
2024-01-01 21:00:00,2887.623957184523
2024-01-01 22:00:00,2937.5112032085754
2024-01-01 23:00:00,2688.475028499097
2024-01-02 00:00:00,2593.3335949154734
2024-01-02 01:00:00,2893.981837663224
2024-01-02 02:00:00,2893.5967076864717
2024-01-02 03:00:00,2909.510560906058
2024-01-02 04:00:00,2550.3716467114436
2024-01-02 05:00:00,2632.158681211656
2024-01-02 06:00:00,2915.141509247994
2024-01-02 07:00:00,3150.6186011944137
2024-01-02 08:00:00,2964.5493325371103
2024-01-02 09:00:00,3164.5252132021933
2024-01-02 10:00:00,2842.869861062127
2024-01-02 11:00:00,2812.819654971159
2024-01-02 12:00:00,2866.1818129394183
2024-01-02 13:00:00,3162.4328174243215
2024-01-02 14:00:00,3026.239772477975
2024-01-02 15:00:00,3054.0641480848667
2024-01-02 16:00:00,2910.7940463125415
2024-01-02 17:00:00,2706.7682973542924
2024-01-02 18:00:00,3025.6449420397003
2024-01-02 19:00:00,2588.1152982298704
2024-01-02 20:00:00,2892.086107608808
2024-01-02 21:00:00,2948.679133591017
2024-01-02 22:00:00,2946.050839468557
2024-01-02 23:00:00,3125.4787335324813
2024-01-03 00:00:00,3115.8774962047587
2024-01-03 01:00:00,2773.924999575244
2024-01-03 02:00:00,2643.062231458796
2024-01-03 03:00:00,2622.4434033636794
2024-01-03 04:00:00,2629.975346196778
2024-01-03 05:00:00,2954.114257237761
2024-01-03 06:00:00,2469.180487282086
2024-01-03 07:00:00,2978.790208251667
2024-01-03 08:00:00,2771.0760350093237
2024-01-03 09:00:00,2885.1032283125605
2024-01-03 10:00:00,2910.6470731363747
2024-01-03 11:00:00,2708.97739744181
2024-01-03 12:00:00,2517.7433537727056
2024-01-03 13:00:00,2220.815279134499
2024-01-03 14:00:00,2564.7509892105822
2024-01-03 15:00:00,2342.038356429064
2024-01-03 16:00:00,2413.826707085743
2024-01-03 17:00:00,2245.6056197643393
2024-01-03 18:00:00,2584.9775729475205
2024-01-03 19:00:00,2435.002137924833
2024-01-03 20:00:00,2144.892254638726
2024-01-03 21:00:00,2484.8551775110136
2024-01-03 22:00:00,1924.544402356116
2024-01-03 23:00:00,1971.3488581033346
2024-01-04 00:00:00,2007.9561201164356
2024-01-04 01:00:00,2066.881777962289
2024-01-04 02:00:00,2026.498855631465
2024-01-04 03:00:00,1834.2636487575444
2024-01-04 04:00:00,1833.4530308273088
2024-01-04 05:00:00,1850.5655500389678
2024-01-04 06:00:00,1785.7641603760683
2024-01-04 07:00:00,2068.584431630562
2024-01-04 08:00:00,1416.0122066674326
2024-01-04 09:00:00,1809.7257366583583
2024-01-04 10:00:00,1655.5240916291314
2024-01-04 11:00:00,1475.6435970998168
2024-01-04 12:00:00,1618.5628061016992
2024-01-04 13:00:00,1408.4500548863307
2024-01-04 14:00:00,1688.7052869626918
2024-01-04 15:00:00,1019.2414235375738
2024-01-04 16:00:00,1204.2493577821942
2024-01-04 17:00:00,1427.7916030968108
2024-01-04 18:00:00,989.2235188431534
2024-01-04 19:00:00,999.7789880568959
2024-01-04 20:00:00,1321.8733089854236
2024-01-04 21:00:00,1127.4202462962082
2024-01-04 22:00:00,1204.8111075734912
2024-01-04 23:00:00,1325.6689016088906
2024-01-05 00:00:00,1070.5554055555008
2024-01-05 01:00:00,919.1739977392053
2024-01-05 02:00:00,983.7019073617396
2024-01-05 03:00:00,1185.4280932655
2024-01-05 04:00:00,1248.9842768780704
2024-01-05 05:00:00,1409.2340581584997
2024-01-05 06:00:00,1043.9064084699417
2024-01-05 07:00:00,1037.5303861482014
2024-01-05 08:00:00,986.1656470286769
2024-01-05 09:00:00,1108.4481713590358
2024-01-05 10:00:00,1318.926381713065
2024-01-05 11:00:00,744.5768772298197
2024-01-05 12:00:00,684.3344130328719
2024-01-05 13:00:00,752.426098956666
2024-01-05 14:00:00,1102.2884950132016
2024-01-05 15:00:00,790.9786384714334
2024-01-05 16:00:00,985.832735946502
2024-01-05 17:00:00,1235.9916895398787
2024-01-05 18:00:00,829.3019007250242
2024-01-05 19:00:00,733.9271550290837
2024-01-05 20:00:00,1001.8486276098413
2024-01-05 21:00:00,1147.8157980902806
2024-01-05 22:00:00,1141.9814759781314
2024-01-05 23:00:00,1110.4241837072918
2024-01-06 00:00:00,814.6336366620371
2024-01-06 01:00:00,1219.5165752571738
2024-01-06 02:00:00,900.7066721116487
2024-01-06 03:00:00,1494.108287102466
2024-01-06 04:00:00,1121.8573737388563
2024-01-06 05:00:00,1248.7103705532643
2024-01-06 06:00:00,1043.0827126216832
2024-01-06 07:00:00,1695.7514400514506
2024-01-06 08:00:00,1289.9679465563502
2024-01-06 09:00:00,1607.5272358558109
2024-01-06 10:00:00,1521.2380526298277
2024-01-06 11:00:00,1872.576498125783
2024-01-06 12:00:00,1246.189922844913
2024-01-06 13:00:00,1756.923237853387
2024-01-06 14:00:00,1083.0504215032001
2024-01-06 15:00:00,1910.4462520241732
2024-01-06 16:00:00,1832.4839292344527
2024-01-06 17:00:00,1674.5365354108278
2024-01-06 18:00:00,2019.9096095427617
2024-01-06 19:00:00,1717.0333521114453
2024-01-06 20:00:00,1995.1520902172404
2024-01-06 21:00:00,2197.0828176193445
2024-01-06 22:00:00,1732.6385346012598
2024-01-06 23:00:00,1721.4538687715594
2024-01-07 00:00:00,2147.640870809247
2024-01-07 01:00:00,2079.3233074917734
2024-01-07 02:00:00,2206.0766017821484
2024-01-07 03:00:00,2303.3404765468867
2024-01-07 04:00:00,2168.6392858609875
2024-01-07 05:00:00,2404.9993941723446
2024-01-07 06:00:00,2319.2787652214165
2024-01-07 07:00:00,2480.6885795079006
2024-01-07 08:00:00,2645.2271548498643
2024-01-07 09:00:00,2388.434008222387
2024-01-07 10:00:00,2440.2350135389993
2024-01-07 11:00:00,2483.6631702890136
2024-01-07 12:00:00,2388.3848103601595
2024-01-07 13:00:00,2512.897648386145
2024-01-07 14:00:00,2376.464111514274
2024-01-07 15:00:00,2643.019117479901
2024-01-07 16:00:00,2564.909983102179
2024-01-07 17:00:00,2779.642811993855
2024-01-07 18:00:00,2894.0507354030487
2024-01-07 19:00:00,2415.239860145218
2024-01-07 20:00:00,2615.759280347576
2024-01-07 21:00:00,2638.647515813898
2024-01-07 22:00:00,2755.106501774359
2024-01-07 23:00:00,2849.802650873463
2024-01-08 00:00:00,2648.024809827955
2024-01-08 01:00:00,2610.0965338336327
2024-01-08 02:00:00,3128.195066705546
2024-01-08 03:00:00,2911.905387944541
2024-01-08 04:00:00,3273.3656155513554
2024-01-08 05:00:00,2702.830424130265
2024-01-08 06:00:00,2993.954965218879
2024-01-08 07:00:00,2399.7616236461727
2024-01-08 08:00:00,2800.0953596533877
2024-01-08 09:00:00,3181.268999410758
2024-01-08 10:00:00,2893.8681581772175
2024-01-08 11:00:00,3052.500837568953
2024-01-08 12:00:00,3020.8930274059007
2024-01-08 13:00:00,2819.8308847219755
2024-01-08 14:00:00,3002.336248614924
2024-01-08 15:00:00,3121.4340100621116
2024-01-08 16:00:00,2958.7393155287114
2024-01-08 17:00:00,2737.949772274029
2024-01-08 18:00:00,2614.330031788221
2024-01-08 19:00:00,3077.847779491885
2024-01-08 20:00:00,3003.618203414513
2024-01-08 21:00:00,2998.113108076216
2024-01-08 22:00:00,3024.9831699024103
2024-01-08 23:00:00,2678.0928731632644
2024-01-09 00:00:00,2877.8826557321822
2024-01-09 01:00:00,2865.812515498549
2024-01-09 02:00:00,3020.8771285433077
2024-01-09 03:00:00,3145.1401980439105
2024-01-09 04:00:00,2515.0011623376454
2024-01-09 05:00:00,2665.5552767082604
2024-01-09 06:00:00,3336.776465683254
2024-01-09 07:00:00,2310.674785537961
2024-01-09 08:00:00,2680.6802780626217
2024-01-09 09:00:00,2313.4188472436836
2024-01-09 10:00:00,2543.160587707374
2024-01-09 11:00:00,2521.2076353743887
2024-01-09 12:00:00,1915.9540402724706
2024-01-09 13:00:00,2692.3254234386077
2024-01-09 14:00:00,1954.1010684279213
2024-01-09 15:00:00,2315.7989798146714
2024-01-09 16:00:00,2387.3326519422253
2024-01-09 17:00:00,1900.6570106320587
2024-01-09 18:00:00,2187.3894661206928
2024-01-09 19:00:00,2088.550192211181
2024-01-09 20:00:00,1792.1609403713437
2024-01-09 21:00:00,2344.512786456781
2024-01-09 22:00:00,1992.3567011599869
2024-01-09 23:00:00,2004.9589570563571
2024-01-10 00:00:00,1721.8868555991
2024-01-10 01:00:00,2007.1310275641147
2024-01-10 02:00:00,2065.1408903809574
2024-01-10 03:00:00,1831.04535016314
2024-01-10 04:00:00,1895.6307206823471
2024-01-10 05:00:00,1877.4201463521088
2024-01-10 06:00:00,1590.913006017208
2024-01-10 07:00:00,1683.8898954835904
2024-01-10 08:00:00,1701.496503544501
2024-01-10 09:00:00,1606.5940259041545
2024-01-10 10:00:00,1231.0815867454253
2024-01-10 11:00:00,1146.7715328363088
2024-01-10 12:00:00,1339.3262111745646
2024-01-10 13:00:00,1351.988416917996
2024-01-10 14:00:00,1217.8797056897406
2024-01-10 15:00:00,1456.6697320388828
2024-01-10 16:00:00,1024.978571448129
2024-01-10 17:00:00,1532.0258881685104
2024-01-10 18:00:00,1690.867470027013
2024-01-10 19:00:00,1376.2337680917517
2024-01-10 20:00:00,1205.815289234952
2024-01-10 21:00:00,1175.3473204528484
2024-01-10 22:00:00,1475.2838943218271
2024-01-10 23:00:00,998.5436224402205
2024-01-11 00:00:00,1184.3253648472873
2024-01-11 01:00:00,854.0353777890996
2024-01-11 02:00:00,869.5523260575238
2024-01-11 03:00:00,970.5948076839762
2024-01-11 04:00:00,857.4294051375973
2024-01-11 05:00:00,946.7131866596543
2024-01-11 06:00:00,1084.429447381084
2024-01-11 07:00:00,1177.97123817741
2024-01-11 08:00:00,753.1591960294755
2024-01-11 09:00:00,1022.2931789861447
2024-01-11 10:00:00,703.7625459095555
2024-01-11 11:00:00,1191.4392404638443
2024-01-11 12:00:00,1047.581491438513
2024-01-11 13:00:00,708.4392213738206
2024-01-11 14:00:00,1271.794120422506
2024-01-11 15:00:00,941.5244263967493
2024-01-11 16:00:00,1110.31200454987
2024-01-11 17:00:00,1207.154499760441
2024-01-11 18:00:00,1274.334583490983
2024-01-11 19:00:00,1027.7991732902385
2024-01-11 20:00:00,1247.800503648224
2024-01-11 21:00:00,1193.1917307079996
2024-01-11 22:00:00,884.2884836773371
2024-01-11 23:00:00,1206.9385036289605
2024-01-12 00:00:00,1042.5525817078628
2024-01-12 01:00:00,1040.124271797391
2024-01-12 02:00:00,1083.4919759167765
2024-01-12 03:00:00,1028.2376776796393
2024-01-12 04:00:00,1048.862167847212
2024-01-12 05:00:00,1186.7007533894935
2024-01-12 06:00:00,1476.5693967586758
2024-01-12 07:00:00,1455.2168288742305
2024-01-12 08:00:00,1635.997107858664
2024-01-12 09:00:00,1281.5556776850306
2024-01-12 10:00:00,1446.4702299437486
2024-01-12 11:00:00,1501.5716590603784
2024-01-12 12:00:00,1571.545163354417
2024-01-12 13:00:00,1390.3571375533138
2024-01-12 14:00:00,1924.8639828196337
2024-01-12 15:00:00,1707.4664341399773
2024-01-12 16:00:00,1342.9555773909906
2024-01-12 17:00:00,1402.8967003430625
2024-01-12 18:00:00,1645.7344483048857
2024-01-12 19:00:00,1488.4621780534103
2024-01-12 20:00:00,1646.4942855015613
2024-01-12 21:00:00,1859.2706851522353
2024-01-12 22:00:00,1744.1400669584596
2024-01-12 23:00:00,1846.574186191509
2024-01-13 00:00:00,2199.311353403869
2024-01-13 01:00:00,1996.549626005784
2024-01-13 02:00:00,2008.979117236187
2024-01-13 03:00:00,2267.9849851041836
2024-01-13 04:00:00,2314.7323990482723
2024-01-13 05:00:00,2506.3598968204337
2024-01-13 06:00:00,2154.5100896105373
2024-01-13 07:00:00,2475.5612240442747
2024-01-13 08:00:00,2379.431846109371
2024-01-13 09:00:00,2548.781297349927
2024-01-13 10:00:00,2293.0350071355906
2024-01-13 11:00:00,2061.595052167144
2024-01-13 12:00:00,2473.42846229199
2024-01-13 13:00:00,2775.551903682482
2024-01-13 14:00:00,2523.937013950263
2024-01-13 15:00:00,2603.9080952443314
2024-01-13 16:00:00,2213.4796543479815
2024-01-13 17:00:00,2906.3766042071675
2024-01-13 18:00:00,2803.6448357406484
2024-01-13 19:00:00,3000.5110583549067
2024-01-13 20:00:00,2719.281958793143
2024-01-13 21:00:00,2793.604453651782
2024-01-13 22:00:00,2879.9889630231883
2024-01-13 23:00:00,2685.8019717149873
2024-01-14 00:00:00,3034.219367413633
2024-01-14 01:00:00,3325.8857494215094
2024-01-14 02:00:00,2629.209563920546
2024-01-14 03:00:00,2914.7221281019392
2024-01-14 04:00:00,3130.3169403633615
2024-01-14 05:00:00,2839.1748024079134
2024-01-14 06:00:00,2741.9939315150855
2024-01-14 07:00:00,2823.4328431394324
2024-01-14 08:00:00,3135.6780053464527
2024-01-14 09:00:00,2782.0935233531445
2024-01-14 10:00:00,3201.0348788349643
2024-01-14 11:00:00,3024.363321162812
2024-01-14 12:00:00,2897.816292636506
2024-01-14 13:00:00,2909.2934219934014
2024-01-14 14:00:00,3079.807230401026
2024-01-14 15:00:00,3145.4121549765496
2024-01-14 16:00:00,3109.1121155514697
2024-01-14 17:00:00,3208.974994068832
2024-01-14 18:00:00,2845.068441892043
2024-01-14 19:00:00,2993.690827885881
2024-01-14 20:00:00,2932.694964788369
2024-01-14 21:00:00,3229.321291550395
2024-01-14 22:00:00,2837.6781246030905
2024-01-14 23:00:00,3176.4451578825324
2024-01-15 00:00:00,2959.841613194164
2024-01-15 01:00:00,2740.4296694949294
2024-01-15 02:00:00,2988.9702370902423
2024-01-15 03:00:00,2855.7760054745754
2024-01-15 04:00:00,2924.8113704784805
2024-01-15 05:00:00,2546.1569953004046
2024-01-15 06:00:00,2629.7511529497233
2024-01-15 07:00:00,2401.621787872761
2024-01-15 08:00:00,2560.126772736738
2024-01-15 09:00:00,2708.5310347818295
2024-01-15 10:00:00,2812.662161963179
2024-01-15 11:00:00,2449.146725956475
2024-01-15 12:00:00,2749.2914304783562
2024-01-15 13:00:00,2534.0495635454226
2024-01-15 14:00:00,2052.9971185690383
2024-01-15 15:00:00,2700.4562099570157
2024-01-15 16:00:00,2476.483623590665
2024-01-15 17:00:00,2014.915120334455
2024-01-15 18:00:00,1943.637348375851
2024-01-15 19:00:00,2440.326861369632
2024-01-15 20:00:00,2248.591182515809
2024-01-15 21:00:00,2306.961036260056
2024-01-15 22:00:00,2259.498170641549
2024-01-15 23:00:00,2029.45916787278
2024-01-16 00:00:00,1738.4867422930424
2024-01-16 01:00:00,1688.7995130972688
2024-01-16 02:00:00,1716.8418187675811
2024-01-16 03:00:00,1855.686198782449
2024-01-16 04:00:00,1650.2413722418214
2024-01-16 05:00:00,1919.3395347578112
2024-01-16 06:00:00,1864.0334402943747
2024-01-16 07:00:00,1755.3259379565727
2024-01-16 08:00:00,1913.3978991071772
2024-01-16 09:00:00,1490.4744593371965
2024-01-16 10:00:00,2025.1282365116385
2024-01-16 11:00:00,1626.2302729737623
2024-01-16 12:00:00,1396.2772021117655
2024-01-16 13:00:00,1350.7688435633368
2024-01-16 14:00:00,1545.3657594270592
2024-01-16 15:00:00,1179.2444345038853
2024-01-16 16:00:00,1007.2605262829368
2024-01-16 17:00:00,792.7722300980882
2024-01-16 18:00:00,1269.3092941903844
2024-01-16 19:00:00,952.9824728198716
2024-01-16 20:00:00,1254.8029978932284
2024-01-16 21:00:00,1267.555390847797
2024-01-16 22:00:00,1170.972951166743
2024-01-16 23:00:00,1353.672206563448
2024-01-17 00:00:00,1065.704968963811
2024-01-17 01:00:00,1267.479179978129
2024-01-17 02:00:00,1137.774276129426
2024-01-17 03:00:00,725.536389885835
2024-01-17 04:00:00,1137.534329364675
2024-01-17 05:00:00,1185.9041205528724
2024-01-17 06:00:00,980.8113284071203
2024-01-17 07:00:00,952.7409281456944
2024-01-17 08:00:00,856.0413135222266
2024-01-17 09:00:00,1114.7344800915916
2024-01-17 10:00:00,849.9159047131272
2024-01-17 11:00:00,999.8515096094856
2024-01-17 12:00:00,1043.4532047525583
2024-01-17 13:00:00,891.5570354943474
2024-01-17 14:00:00,1218.3094199250854
2024-01-17 15:00:00,966.6904214488342
2024-01-17 16:00:00,957.0559687396783
2024-01-17 17:00:00,970.402344154672
2024-01-17 18:00:00,1191.264395103746
2024-01-17 19:00:00,1509.4837748275104
2024-01-17 20:00:00,716.8170553232311
2024-01-17 21:00:00,982.2593922198085
2024-01-17 22:00:00,1121.3166051416326
2024-01-17 23:00:00,1117.9930435172537
2024-01-18 00:00:00,1099.8943028243955
2024-01-18 01:00:00,1076.1195403197441
2024-01-18 02:00:00,1107.627880059989
2024-01-18 03:00:00,1292.9388838630784
2024-01-18 04:00:00,1417.7284055599453
2024-01-18 05:00:00,1180.1813481178003
2024-01-18 06:00:00,1505.6170849976688
2024-01-18 07:00:00,1473.965049377103
2024-01-18 08:00:00,963.7655051589231
2024-01-18 09:00:00,1633.7903802852736
2024-01-18 10:00:00,1401.3118405665746
2024-01-18 11:00:00,1168.1467332213106
2024-01-18 12:00:00,1585.0738842094815
2024-01-18 13:00:00,1398.90702172357
2024-01-18 14:00:00,1671.2258693052195
2024-01-18 15:00:00,1362.5539245906002
2024-01-18 16:00:00,1494.4531632712612
2024-01-18 17:00:00,1394.139911159368
2024-01-18 18:00:00,1715.2837398068068
2024-01-18 19:00:00,1634.3451733973316
2024-01-18 20:00:00,1825.9075288188105
2024-01-18 21:00:00,1916.8337788188214
2024-01-18 22:00:00,1529.7612108610824
2024-01-18 23:00:00,1739.4240002205934
2024-01-19 00:00:00,2052.332696231815
2024-01-19 01:00:00,2293.4275041197084
2024-01-19 02:00:00,2122.287303320229
2024-01-19 03:00:00,2459.2863592857343
2024-01-19 04:00:00,2261.581432755762
2024-01-19 05:00:00,2558.3313919483808
2024-01-19 06:00:00,2341.0888614190862
2024-01-19 07:00:00,2226.6232077322984
2024-01-19 08:00:00,2459.3810311656434
2024-01-19 09:00:00,2264.8039332314565
2024-01-19 10:00:00,2373.2459932399693
2024-01-19 11:00:00,2649.0731277134323
2024-01-19 12:00:00,2448.564390170001
2024-01-19 13:00:00,2753.140684444087
2024-01-19 14:00:00,2583.339444546798
2024-01-19 15:00:00,2421.4608242672807
2024-01-19 16:00:00,2966.6679475786077
2024-01-19 17:00:00,2811.0659973623033
2024-01-19 18:00:00,2931.0194505738928
2024-01-19 19:00:00,3000.7587840565348
2024-01-19 20:00:00,2894.0856305831267
2024-01-19 21:00:00,2675.367054417777
2024-01-19 22:00:00,3117.864484327286
2024-01-19 23:00:00,3181.651319807031
2024-01-20 00:00:00,2519.3721806864924
2024-01-20 01:00:00,3029.1976610421298
2024-01-20 02:00:00,2831.0831815655997
2024-01-20 03:00:00,3005.604534723479
2024-01-20 04:00:00,3305.2158742945676
2024-01-20 05:00:00,3146.413607032802
2024-01-20 06:00:00,3226.681289371957
2024-01-20 07:00:00,2900.487508035603
2024-01-20 08:00:00,2891.5718220569543
2024-01-20 09:00:00,3315.647115276972
2024-01-20 10:00:00,3436.0049374364335
2024-01-20 11:00:00,2939.2427825009954
2024-01-20 12:00:00,3300.8156858788716
2024-01-20 13:00:00,3261.4882099248125
2024-01-20 14:00:00,3094.1464029019194
2024-01-20 15:00:00,3085.4479707847936
2024-01-20 16:00:00,3061.9287794779357
2024-01-20 17:00:00,2883.404674512719
2024-01-20 18:00:00,3015.6333012898635
2024-01-20 19:00:00,2981.005426180299
2024-01-20 20:00:00,2960.839808635055
2024-01-20 21:00:00,2769.197571081336
2024-01-20 22:00:00,3075.7632661442235
2024-01-20 23:00:00,2858.522720801526
2024-01-21 00:00:00,2616.2283009982284
2024-01-21 01:00:00,2942.082239691811
2024-01-21 02:00:00,2676.3609861438285
2024-01-21 03:00:00,3004.4385686170513
2024-01-21 04:00:00,2811.283815669684
2024-01-21 05:00:00,2972.3586596929813
2024-01-21 06:00:00,2714.535035193859
2024-01-21 07:00:00,2513.2560211891196
2024-01-21 08:00:00,2527.6268059695285
2024-01-21 09:00:00,2477.4580161235754
2024-01-21 10:00:00,2766.356533838285
2024-01-21 11:00:00,2929.8455855500665
2024-01-21 12:00:00,2635.396741698683
2024-01-21 13:00:00,2212.8634056080473
2024-01-21 14:00:00,2330.888941602226
2024-01-21 15:00:00,2498.76032086894
2024-01-21 16:00:00,2551.4040691830287
2024-01-21 17:00:00,2479.008253284269
2024-01-21 18:00:00,2189.2576741598887
2024-01-21 19:00:00,2286.7260762081396
2024-01-21 20:00:00,1868.580015201338
2024-01-21 21:00:00,1967.1421124786111
2024-01-21 22:00:00,2007.328907361584
2024-01-21 23:00:00,1910.0797315393963
2024-01-22 00:00:00,1964.9713828099887
2024-01-22 01:00:00,2024.9623744823143
2024-01-22 02:00:00,1559.3480310189825
2024-01-22 03:00:00,1897.8770643188734
2024-01-22 04:00:00,1771.181203987076
2024-01-22 05:00:00,1417.1377756656457
2024-01-22 06:00:00,1582.3853008624258
2024-01-22 07:00:00,1712.5695163173705
2024-01-22 08:00:00,1437.272148592215
2024-01-22 09:00:00,1915.924593898621
2024-01-22 10:00:00,1594.4921346010967
2024-01-22 11:00:00,1526.8344778964242
2024-01-22 12:00:00,1472.3635758850503
2024-01-22 13:00:00,1066.4674223270697
2024-01-22 14:00:00,1121.6873728314004
2024-01-22 15:00:00,1243.1645575146795
2024-01-22 16:00:00,1387.4313485805867
2024-01-22 17:00:00,1555.206353612322
2024-01-22 18:00:00,1588.6462888994383
2024-01-22 19:00:00,1331.8825368108091
2024-01-22 20:00:00,1092.7954834836137
2024-01-22 21:00:00,1509.0886893141337
2024-01-22 22:00:00,1166.2855893792323
2024-01-22 23:00:00,1335.7970190883927
2024-01-23 00:00:00,1080.771499496637
2024-01-23 01:00:00,1152.3831631547566
2024-01-23 02:00:00,767.2407986512336
2024-01-23 03:00:00,1104.5892685251595
2024-01-23 04:00:00,1178.2803558049695
2024-01-23 05:00:00,941.3514221127577
2024-01-23 06:00:00,1192.9994518431379
2024-01-23 07:00:00,1279.5290779487518
2024-01-23 08:00:00,941.4524794616879
2024-01-23 09:00:00,1136.1799255887183
2024-01-23 10:00:00,1428.399456323616
2024-01-23 11:00:00,935.2174037930877
2024-01-23 12:00:00,959.3219150987953
2024-01-23 13:00:00,903.8513699873438
2024-01-23 14:00:00,822.2581013024096
2024-01-23 15:00:00,1006.7819331773654
2024-01-23 16:00:00,876.2381301355803
2024-01-23 17:00:00,1278.9713500664427
2024-01-23 18:00:00,768.1375865357811
2024-01-23 19:00:00,969.6853874576633
2024-01-23 20:00:00,534.3393924736554
2024-01-23 21:00:00,1310.956522379429
2024-01-23 22:00:00,1297.9231346392244
2024-01-23 23:00:00,1268.1829881673236
2024-01-24 00:00:00,1126.6811197982584
2024-01-24 01:00:00,1394.7475682669726
2024-01-24 02:00:00,1042.881081342905
2024-01-24 03:00:00,951.3270715290923
2024-01-24 04:00:00,1040.234892308289
2024-01-24 05:00:00,1065.490674747508
2024-01-24 06:00:00,1268.7290615948098
2024-01-24 07:00:00,1554.5186535572354
2024-01-24 08:00:00,1400.6926405048005
2024-01-24 09:00:00,1264.6666790110473
2024-01-24 10:00:00,1597.9292957595899
2024-01-24 11:00:00,1446.0473321856912
2024-01-24 12:00:00,1545.441244776676
2024-01-24 13:00:00,1343.604671003586
2024-01-24 14:00:00,1488.208865558694
2024-01-24 15:00:00,1514.7259064461077
2024-01-24 16:00:00,1933.615618953546
2024-01-24 17:00:00,1553.2950877860785
2024-01-24 18:00:00,1355.8049283971409
2024-01-24 19:00:00,1866.4836206226335
2024-01-24 20:00:00,2097.9122362034263
2024-01-24 21:00:00,2131.1910078069736
2024-01-24 22:00:00,2121.717128170426
2024-01-24 23:00:00,1836.2309466614417
2024-01-25 00:00:00,2235.527253949325
2024-01-25 01:00:00,2599.5385421786314
2024-01-25 02:00:00,2071.715456439018
2024-01-25 03:00:00,2190.0855982885864
2024-01-25 04:00:00,1990.8519091864891
2024-01-25 05:00:00,2474.4441336926193
2024-01-25 06:00:00,2435.6599166706637
2024-01-25 07:00:00,2391.1365354712384
2024-01-25 08:00:00,2734.7288055888002
2024-01-25 09:00:00,2219.4101699878934
2024-01-25 10:00:00,2786.1688397446283
2024-01-25 11:00:00,2171.885854952152
2024-01-25 12:00:00,2313.6518090666177
2024-01-25 13:00:00,2683.6542705065253
2024-01-25 14:00:00,2824.1002418415655
2024-01-25 15:00:00,2025.2540113496636
2024-01-25 16:00:00,2797.3782981628533
2024-01-25 17:00:00,2503.761423719662
2024-01-25 18:00:00,2855.426510092575
2024-01-25 19:00:00,3039.823200003307
2024-01-25 20:00:00,2611.386693723797
2024-01-25 21:00:00,2819.587970153679
2024-01-25 22:00:00,2809.5782809296834
2024-01-25 23:00:00,2931.2040571724174
2024-01-26 00:00:00,3215.4698268386296
2024-01-26 01:00:00,3025.8603356836174
2024-01-26 02:00:00,3055.540112819185
2024-01-26 03:00:00,2866.114031216336
2024-01-26 04:00:00,2858.092414631332
2024-01-26 05:00:00,3001.15443160432
2024-01-26 06:00:00,3060.70822972258
2024-01-26 07:00:00,2688.700207207992
2024-01-26 08:00:00,3280.89907095346
2024-01-26 09:00:00,3039.1562891276917
2024-01-26 10:00:00,2740.6645140433156
2024-01-26 11:00:00,3281.6722412194513
2024-01-26 12:00:00,3005.5110965111307
2024-01-26 13:00:00,2954.6729510903215
2024-01-26 14:00:00,3091.492928017471
2024-01-26 15:00:00,3230.019087324408
2024-01-26 16:00:00,2953.8902447265145
2024-01-26 17:00:00,3183.7245636233383
2024-01-26 18:00:00,3073.0022995238496
2024-01-26 19:00:00,2967.88276168788
2024-01-26 20:00:00,2787.2887781154127
2024-01-26 21:00:00,2741.098904612323
2024-01-26 22:00:00,2617.883914375644
2024-01-26 23:00:00,2748.2657392855754
2024-01-27 00:00:00,2851.172547768601
2024-01-27 01:00:00,2868.6564000248595
2024-01-27 02:00:00,2878.3858763019234
2024-01-27 03:00:00,2719.5371691890227
2024-01-27 04:00:00,2930.435154774342
2024-01-27 05:00:00,2483.2518667165737
2024-01-27 06:00:00,2669.9904358466
2024-01-27 07:00:00,2586.1255976109037
2024-01-27 08:00:00,2933.9683283522936
2024-01-27 09:00:00,2648.3082888696254
2024-01-27 10:00:00,2595.7773920004875
2024-01-27 11:00:00,2611.0257132962415
2024-01-27 12:00:00,2562.5679533394614
2024-01-27 13:00:00,2774.8800187848033
2024-01-27 14:00:00,2429.477673756163
2024-01-27 15:00:00,2255.547599332441
2024-01-27 16:00:00,2542.8009814324146
2024-01-27 17:00:00,2462.5741676914904
2024-01-27 18:00:00,2206.532212127606
2024-01-27 19:00:00,2384.744207592188
2024-01-27 20:00:00,2242.2084431211742
2024-01-27 21:00:00,2287.593014240207
2024-01-27 22:00:00,1823.206178349425
2024-01-27 23:00:00,1860.0070232982823
2024-01-28 00:00:00,2032.8931446121987
2024-01-28 01:00:00,1725.760102967419
2024-01-28 02:00:00,1819.4235721233233
2024-01-28 03:00:00,1961.1307296136395
2024-01-28 04:00:00,1762.3556371686516
2024-01-28 05:00:00,1790.7945390959349
2024-01-28 06:00:00,1910.2325913253326
2024-01-28 07:00:00,1583.288512257927
2024-01-28 08:00:00,1315.9021196147573
2024-01-28 09:00:00,1597.317180249643
2024-01-28 10:00:00,1173.687560223102
2024-01-28 11:00:00,1493.9153187423701
2024-01-28 12:00:00,1359.6221017914968
2024-01-28 13:00:00,1269.5784586425843
2024-01-28 14:00:00,1240.397206755008
2024-01-28 15:00:00,1036.3018409626984
2024-01-28 16:00:00,1456.7352140083863
2024-01-28 17:00:00,1465.2165243292702
2024-01-28 18:00:00,1024.7908181765836
2024-01-28 19:00:00,1248.1419123152154
2024-01-28 20:00:00,1166.2568943909655
2024-01-28 21:00:00,1020.9788639079263
2024-01-28 22:00:00,1280.9047610291962
2024-01-28 23:00:00,992.0994944822525
2024-01-29 00:00:00,1071.1950898707641
2024-01-29 01:00:00,1318.9841244780166
2024-01-29 02:00:00,1298.7849923378617
2024-01-29 03:00:00,1110.284494346214
2024-01-29 04:00:00,1237.9140627177267
2024-01-29 05:00:00,1316.6754617922822
2024-01-29 06:00:00,916.9848230895783
2024-01-29 07:00:00,904.4844768804716
2024-01-29 08:00:00,823.7409374975049
2024-01-29 09:00:00,1087.9780399545364
2024-01-29 10:00:00,1215.4411811490415
2024-01-29 11:00:00,1391.2833644422083
2024-01-29 12:00:00,1217.678088147488
2024-01-29 13:00:00,1451.6730702241787
2024-01-29 14:00:00,947.3499466829129
2024-01-29 15:00:00,1292.7422239526268
2024-01-29 16:00:00,780.9094332796993
2024-01-29 17:00:00,1185.6443696637805
2024-01-29 18:00:00,1093.2486452311198
2024-01-29 19:00:00,763.8501297772395
2024-01-29 20:00:00,940.2975771103143
2024-01-29 21:00:00,1039.2714707533912
2024-01-29 22:00:00,1055.0531512214739
2024-01-29 23:00:00,1208.2026888085904
2024-01-30 00:00:00,1199.199497533236
2024-01-30 01:00:00,1128.2181802776545
2024-01-30 02:00:00,926.8098503121219
2024-01-30 03:00:00,1413.869330393682
2024-01-30 04:00:00,1109.6070605711398
2024-01-30 05:00:00,1582.379248607609
2024-01-30 06:00:00,1094.5079379969832
2024-01-30 07:00:00,1652.4228116038134
2024-01-30 08:00:00,1706.2915565732537
2024-01-30 09:00:00,1003.5246326053083
2024-01-30 10:00:00,1391.9715547787157
2024-01-30 11:00:00,1715.0386631715796
2024-01-30 12:00:00,1607.9304698408762
2024-01-30 13:00:00,1561.1880101499364
2024-01-30 14:00:00,1306.4816408148745
2024-01-30 15:00:00,1906.221994202109
2024-01-30 16:00:00,1712.361463471726
2024-01-30 17:00:00,2006.9435314136176
2024-01-30 18:00:00,1612.2278439619038
2024-01-30 19:00:00,1848.3979966601855
2024-01-30 20:00:00,1780.1981532907002
2024-01-30 21:00:00,2049.509924324959
2024-01-30 22:00:00,1593.5228989370842
2024-01-30 23:00:00,2503.9175693985785
2024-01-31 00:00:00,2013.265565912811
2024-01-31 01:00:00,2033.0264577974037
2024-01-31 02:00:00,2043.8531134457453
2024-01-31 03:00:00,1992.3685498718153
2024-01-31 04:00:00,2238.70502223784
2024-01-31 05:00:00,1939.1209396663294
2024-01-31 06:00:00,2145.0191890365536
2024-01-31 07:00:00,2433.9872631284416
2024-01-31 08:00:00,2556.0751499241755
2024-01-31 09:00:00,2443.621950056873
2024-01-31 10:00:00,2098.158151741556
2024-01-31 11:00:00,2384.253398699095
2024-01-31 12:00:00,2737.007741081143
2024-01-31 13:00:00,2508.0122724049756
2024-01-31 14:00:00,3009.1450974701434
2024-01-31 15:00:00,2822.379177150038
2024-01-31 16:00:00,2897.435341788972
2024-01-31 17:00:00,2839.4553948083076
2024-01-31 18:00:00,2615.6774745926964
2024-01-31 19:00:00,2821.7757151707137
2024-01-31 20:00:00,2829.035110491451
2024-01-31 21:00:00,2834.4589035338918
2024-01-31 22:00:00,2897.883016454012
2024-01-31 23:00:00,2854.3475929454885
2024-02-01 00:00:00,3162.4968189283004
2024-02-01 01:00:00,2901.3699601838657
2024-02-01 02:00:00,3192.2522690083124
2024-02-01 03:00:00,2642.786226709545
2024-02-01 04:00:00,3292.702660124747
2024-02-01 05:00:00,2607.7900835582886
2024-02-01 06:00:00,3206.8743002323754
2024-02-01 07:00:00,3082.0863319741834
2024-02-01 08:00:00,3315.0192632858807
2024-02-01 09:00:00,2828.039485167961
2024-02-01 10:00:00,3058.300936077041
2024-02-01 11:00:00,3105.566928035011
2024-02-01 12:00:00,3423.206958106784
2024-02-01 13:00:00,3110.195770960127
2024-02-01 14:00:00,2729.0833361388086
2024-02-01 15:00:00,3229.304968033623
2024-02-01 16:00:00,2949.428415902537
2024-02-01 17:00:00,3098.0067701336116
2024-02-01 18:00:00,2915.057353024908
2024-02-01 19:00:00,2554.2764075998334
2024-02-01 20:00:00,2553.478606505554
2024-02-01 21:00:00,2919.4563472078125
2024-02-01 22:00:00,2754.9495284863756
2024-02-01 23:00:00,2423.061841184582
2024-02-02 00:00:00,3083.9454772130316
2024-02-02 01:00:00,2748.0021991018543
2024-02-02 02:00:00,2684.7065474895094
2024-02-02 03:00:00,2663.7230352532647
2024-02-02 04:00:00,2658.589607651277
2024-02-02 05:00:00,2761.5912184777617
2024-02-02 06:00:00,2589.093403544761
2024-02-02 07:00:00,2841.942327782351
2024-02-02 08:00:00,2655.4471818730017
2024-02-02 09:00:00,2470.5822822290475
2024-02-02 10:00:00,2623.121482302038
2024-02-02 11:00:00,2978.1259810697024
2024-02-02 12:00:00,2702.2192322528913
2024-02-02 13:00:00,2340.679421947469
2024-02-02 14:00:00,2424.8863726881827
2024-02-02 15:00:00,2267.6954477449217
2024-02-02 16:00:00,2082.0732558781306
2024-02-02 17:00:00,2622.117613163482
2024-02-02 18:00:00,2027.3732889828993
2024-02-02 19:00:00,2404.878817412973
2024-02-02 20:00:00,2118.985271953203
2024-02-02 21:00:00,1982.657066508952
2024-02-02 22:00:00,2420.8574540495274
2024-02-02 23:00:00,1768.6308037709705
2024-02-03 00:00:00,2069.329793029318
2024-02-03 01:00:00,1499.498479137815
2024-02-03 02:00:00,1761.3639505959932
2024-02-03 03:00:00,1758.8125171156462
2024-02-03 04:00:00,1819.9483125179006
2024-02-03 05:00:00,1901.1653005067858
2024-02-03 06:00:00,1867.7756334339176
2024-02-03 07:00:00,1539.5983395422556
2024-02-03 08:00:00,1331.2502038831467
2024-02-03 09:00:00,1728.9722700184602
2024-02-03 10:00:00,1670.3419232643762
2024-02-03 11:00:00,1762.745947841653
2024-02-03 12:00:00,1526.5501091594037
2024-02-03 13:00:00,1575.0590893770557
2024-02-03 14:00:00,1496.594755164453
2024-02-03 15:00:00,1387.8297490645627
2024-02-03 16:00:00,1679.4050659227573
2024-02-03 17:00:00,779.6413568270709
2024-02-03 18:00:00,1136.920192070259
2024-02-03 19:00:00,1139.0563067874843
2024-02-03 20:00:00,1221.7486992116799
2024-02-03 21:00:00,1132.6467705471807
2024-02-03 22:00:00,1148.393697739437
2024-02-03 23:00:00,1204.0555685587442
2024-02-04 00:00:00,1408.5949398346042
2024-02-04 01:00:00,1200.3452229887062
2024-02-04 02:00:00,600.430052714629
2024-02-04 03:00:00,1021.5109471666524
2024-02-04 04:00:00,871.5791892417034
2024-02-04 05:00:00,1226.0809960571844
2024-02-04 06:00:00,938.1314140020413
2024-02-04 07:00:00,1189.4817611416454
2024-02-04 08:00:00,734.251404057148
2024-02-04 09:00:00,1005.5695915147445
2024-02-04 10:00:00,1004.5512252449644
2024-02-04 11:00:00,964.8197221713705
2024-02-04 12:00:00,1089.0587714015826
2024-02-04 13:00:00,1098.4659983736087
2024-02-04 14:00:00,587.6188370423927
2024-02-04 15:00:00,1260.608978847163
2024-02-04 16:00:00,1150.357052091746
2024-02-04 17:00:00,850.0074612169705
2024-02-04 18:00:00,1196.2162944950958
2024-02-04 19:00:00,762.8864631497382
2024-02-04 20:00:00,899.920306478873
2024-02-04 21:00:00,1152.9869594219526
2024-02-04 22:00:00,773.8959144318019
2024-02-04 23:00:00,1259.9244581226392
2024-02-05 00:00:00,1012.0731027143105
2024-02-05 01:00:00,1051.4767517514515
2024-02-05 02:00:00,1123.3586358141429
2024-02-05 03:00:00,1216.633108906929
2024-02-05 04:00:00,1129.2654285223834
2024-02-05 05:00:00,1670.9205340130588
2024-02-05 06:00:00,1258.8207261226291
2024-02-05 07:00:00,1698.555157816481
2024-02-05 08:00:00,1367.2991367951572
2024-02-05 09:00:00,1171.136848616597
2024-02-05 10:00:00,1459.667901233201
2024-02-05 11:00:00,1390.8974132398025
2024-02-05 12:00:00,1076.6519765924754
2024-02-05 13:00:00,1285.991876573379
2024-02-05 14:00:00,1442.824031476401
2024-02-05 15:00:00,2232.115199505026
2024-02-05 16:00:00,1767.8162216199257
2024-02-05 17:00:00,2008.624105736677
2024-02-05 18:00:00,1748.5130329002732
2024-02-05 19:00:00,1963.8129523929683
2024-02-05 20:00:00,2126.2531717297893
2024-02-05 21:00:00,1611.900876253952
2024-02-05 22:00:00,1977.5931697273809
2024-02-05 23:00:00,1970.754722597929
2024-02-06 00:00:00,2074.1103770962172
2024-02-06 01:00:00,1914.365845567228
2024-02-06 02:00:00,2331.0181718660274
2024-02-06 03:00:00,2533.4871960684272
2024-02-06 04:00:00,2232.9469246266212
2024-02-06 05:00:00,1821.1647731928724
2024-02-06 06:00:00,2580.2957289512897
2024-02-06 07:00:00,2089.2109564886214
2024-02-06 08:00:00,2693.251416133806
2024-02-06 09:00:00,2192.5782226071965
2024-02-06 10:00:00,2357.8368686635167
2024-02-06 11:00:00,2348.1759779748163
2024-02-06 12:00:00,3007.3370988312195
2024-02-06 13:00:00,2524.6912141593325
2024-02-06 14:00:00,2597.1419995373317
2024-02-06 15:00:00,2602.4735313606097
2024-02-06 16:00:00,2208.581694002249
2024-02-06 17:00:00,2911.0512812756283
2024-02-06 18:00:00,2750.538222808835
2024-02-06 19:00:00,2959.932672250563
2024-02-06 20:00:00,2718.045129416078
2024-02-06 21:00:00,3211.4928319250753
2024-02-06 22:00:00,2638.446269253444
2024-02-06 23:00:00,2911.0288075067483
2024-02-07 00:00:00,2923.930544029578
2024-02-07 01:00:00,2790.9332620333707
2024-02-07 02:00:00,2899.403476082979
2024-02-07 03:00:00,3117.6149801849183
2024-02-07 04:00:00,3012.62881698668
2024-02-07 05:00:00,3218.181044145806
2024-02-07 06:00:00,3031.0300413075024
2024-02-07 07:00:00,2843.6782315967625
2024-02-07 08:00:00,2709.3677688983526
2024-02-07 09:00:00,2666.655410653766
2024-02-07 10:00:00,3024.947836702689
2024-02-07 11:00:00,3234.386427020705
2024-02-07 12:00:00,2906.8464595987834
2024-02-07 13:00:00,3164.7825627575967
2024-02-07 14:00:00,3458.1267881659505
2024-02-07 15:00:00,3025.824845112683
2024-02-07 16:00:00,2769.9869057918895
2024-02-07 17:00:00,2776.5535312971865
2024-02-07 18:00:00,3156.6967649232256
2024-02-07 19:00:00,2897.01250505576
2024-02-07 20:00:00,3284.651314498773
2024-02-07 21:00:00,2894.9896527797596
2024-02-07 22:00:00,2611.8481784502137
2024-02-07 23:00:00,2389.6904010022154
2024-02-08 00:00:00,2558.2353899416403
2024-02-08 01:00:00,3034.641618721814
2024-02-08 02:00:00,2679.2094353906195
2024-02-08 03:00:00,2822.330393624154
2024-02-08 04:00:00,2573.994198076888
2024-02-08 05:00:00,2692.636122467859
2024-02-08 06:00:00,2698.061847207121
2024-02-08 07:00:00,2659.484541126225
2024-02-08 08:00:00,2879.4114382781336
2024-02-08 09:00:00,2613.9737778152294
2024-02-08 10:00:00,2642.30406085957
2024-02-08 11:00:00,2481.6019841619227
2024-02-08 12:00:00,2572.615639063292
2024-02-08 13:00:00,2331.2994899102237
2024-02-08 14:00:00,2152.3920367603278
2024-02-08 15:00:00,2274.4056083657756
2024-02-08 16:00:00,2351.129077369691
2024-02-08 17:00:00,2532.2893110628825
2024-02-08 18:00:00,2378.965356437398
2024-02-08 19:00:00,2094.552166016171
2024-02-08 20:00:00,2274.0049843663865
2024-02-08 21:00:00,2107.4845784052227
2024-02-08 22:00:00,2070.3218906534653
2024-02-08 23:00:00,1795.5874382676127
2024-02-09 00:00:00,1836.4083213177773
2024-02-09 01:00:00,2177.032211555373
2024-02-09 02:00:00,1831.953358739923
2024-02-09 03:00:00,1792.0584319029624
2024-02-09 04:00:00,1591.3876097053749
2024-02-09 05:00:00,1746.1264297173834
2024-02-09 06:00:00,1631.7012468437824
2024-02-09 07:00:00,1543.610613881774
2024-02-09 08:00:00,1965.4437574852368
2024-02-09 09:00:00,1200.450782241028
2024-02-09 10:00:00,1417.400251373301
2024-02-09 11:00:00,1680.5257765330107
2024-02-09 12:00:00,1580.4487270070663
2024-02-09 13:00:00,1493.9940133545833
2024-02-09 14:00:00,1476.6832373892676
2024-02-09 15:00:00,1171.7930813197702
2024-02-09 16:00:00,1251.0589802409297
2024-02-09 17:00:00,1058.7865807413182
2024-02-09 18:00:00,1316.3118412742642
2024-02-09 19:00:00,1274.7978877444061
2024-02-09 20:00:00,1433.6785691964428
2024-02-09 21:00:00,984.5090252513118
2024-02-09 22:00:00,1269.785009543368
2024-02-09 23:00:00,1141.8452809170228
2024-02-10 00:00:00,1484.9246581422453
2024-02-10 01:00:00,985.6173093899216
2024-02-10 02:00:00,1050.927405250295
2024-02-10 03:00:00,939.8061113892057
2024-02-10 04:00:00,978.3808034113819
2024-02-10 05:00:00,1079.8298280104614
2024-02-10 06:00:00,1145.4738612346123
2024-02-10 07:00:00,804.9809586646873
2024-02-10 08:00:00,878.1676608116987
2024-02-10 09:00:00,1386.2491605364794
2024-02-10 10:00:00,1004.1804334462719
2024-02-10 11:00:00,971.7635972716291
2024-02-10 12:00:00,798.5944852886107
2024-02-10 13:00:00,1205.6086313964418
2024-02-10 14:00:00,841.5622559143706
2024-02-10 15:00:00,804.2978941068495
2024-02-10 16:00:00,1108.8037684643018
2024-02-10 17:00:00,1028.8136640688363
2024-02-10 18:00:00,1048.2841569002517
2024-02-10 19:00:00,943.4160386959633
2024-02-10 20:00:00,1013.7175654891004
2024-02-10 21:00:00,1260.8885178325286
2024-02-10 22:00:00,962.7966732781985
2024-02-10 23:00:00,1333.1901088626973
2024-02-11 00:00:00,1252.9083486974757
2024-02-11 01:00:00,1486.2432651099018
2024-02-11 02:00:00,1422.813644958952
2024-02-11 03:00:00,1378.0013681480211
2024-02-11 04:00:00,927.557247289168
2024-02-11 05:00:00,1494.4595740419445
2024-02-11 06:00:00,1434.411771325639
2024-02-11 07:00:00,1621.5109576880416
2024-02-11 08:00:00,1288.1271680185437
2024-02-11 09:00:00,1228.0715473874545
2024-02-11 10:00:00,1108.7198336221018
2024-02-11 11:00:00,1849.0008889314713
2024-02-11 12:00:00,1155.1315164421553
2024-02-11 13:00:00,1517.6870890976488
2024-02-11 14:00:00,2035.3243309412223
2024-02-11 15:00:00,2106.2971729969113
2024-02-11 16:00:00,1865.0876641744305
2024-02-11 17:00:00,1547.7756518533924
2024-02-11 18:00:00,1914.209078228931
2024-02-11 19:00:00,1960.7033497944656
2024-02-11 20:00:00,1694.7555280721251
2024-02-11 21:00:00,2230.7679122770865
2024-02-11 22:00:00,2081.603520813732
2024-02-11 23:00:00,2073.1097686932235
2024-02-12 00:00:00,1899.0206858232482
2024-02-12 01:00:00,2148.2550902935836
2024-02-12 02:00:00,2230.9074125133156
2024-02-12 03:00:00,1712.6615663292328
2024-02-12 04:00:00,2413.449846194349
2024-02-12 05:00:00,1992.1904519642376
2024-02-12 06:00:00,2137.2095298905456
2024-02-12 07:00:00,2309.542249359855
2024-02-12 08:00:00,2617.324210492519
2024-02-12 09:00:00,2845.3548147648717
2024-02-12 10:00:00,2364.2029447868867
2024-02-12 11:00:00,2333.363941550882
2024-02-12 12:00:00,2380.8972598281434
2024-02-12 13:00:00,3011.6949788869665
2024-02-12 14:00:00,2437.475626036667
2024-02-12 15:00:00,2856.435912497169
2024-02-12 16:00:00,2572.096258662123
2024-02-12 17:00:00,2608.1853362957886
2024-02-12 18:00:00,2479.504732968543
2024-02-12 19:00:00,2771.41979952236
2024-02-12 20:00:00,2831.236535574262
2024-02-12 21:00:00,2735.0655500306884
2024-02-12 22:00:00,2942.4254098925485
2024-02-12 23:00:00,3222.5288903823143
2024-02-13 00:00:00,2823.3656798987504
2024-02-13 01:00:00,2975.516830696124
2024-02-13 02:00:00,2590.454077376892
2024-02-13 03:00:00,2854.478583755503
2024-02-13 04:00:00,2916.1988333456407
2024-02-13 05:00:00,2874.3031517373906
2024-02-13 06:00:00,2817.2304214787923
2024-02-13 07:00:00,3082.934634384504
2024-02-13 08:00:00,3358.7311891106974
2024-02-13 09:00:00,3195.514120781232
2024-02-13 10:00:00,3053.095470831731
2024-02-13 11:00:00,3167.237261538844
2024-02-13 12:00:00,2969.259053356751
2024-02-13 13:00:00,2942.7362742434952
2024-02-13 14:00:00,2964.5266325731163
2024-02-13 15:00:00,2896.1729434267727
2024-02-13 16:00:00,3047.2742925188873
2024-02-13 17:00:00,2771.0776246365954
2024-02-13 18:00:00,2925.19763319293
2024-02-13 19:00:00,2865.9599552479826
2024-02-13 20:00:00,3288.335701386466
2024-02-13 21:00:00,2841.68223357275
2024-02-13 22:00:00,3062.516668046224
2024-02-13 23:00:00,3067.2036817205358
2024-02-14 00:00:00,2938.6857088117245
2024-02-14 01:00:00,2950.936346655616
2024-02-14 02:00:00,2544.6902301001464
2024-02-14 03:00:00,2583.2068125994174
2024-02-14 04:00:00,2730.7116160692053
2024-02-14 05:00:00,2551.4876833264075
2024-02-14 06:00:00,2493.591052085364
2024-02-14 07:00:00,2736.9592329059956
2024-02-14 08:00:00,2517.031260544069
2024-02-14 09:00:00,2600.4685006779714
2024-02-14 10:00:00,2327.008190847892
2024-02-14 11:00:00,2332.730499353087
2024-02-14 12:00:00,2405.1322199704305
2024-02-14 13:00:00,2244.34178242736
2024-02-14 14:00:00,2351.737413809697
2024-02-14 15:00:00,2380.277830713895
2024-02-14 16:00:00,1765.2724884546014
2024-02-14 17:00:00,2239.1479165256333
2024-02-14 18:00:00,2150.7893197520957
2024-02-14 19:00:00,2520.2692708618883
2024-02-14 20:00:00,1993.1152678430958
2024-02-14 21:00:00,2140.0495251841467
2024-02-14 22:00:00,2171.2588069814924
2024-02-14 23:00:00,2233.7448788897723
2024-02-15 00:00:00,1927.1442039202836
2024-02-15 01:00:00,1875.6773435947835
2024-02-15 02:00:00,1868.568538002937
2024-02-15 03:00:00,1780.8934170715
2024-02-15 04:00:00,1864.2032721711166
2024-02-15 05:00:00,1595.4104263214158
2024-02-15 06:00:00,1600.957379251624
2024-02-15 07:00:00,2190.2110393461267
2024-02-15 08:00:00,2100.4729794480586
2024-02-15 09:00:00,1840.2089742575781
2024-02-15 10:00:00,1325.102343191796
2024-02-15 11:00:00,1753.575516689036
2024-02-15 12:00:00,1686.6621009723515
2024-02-15 13:00:00,1678.280330394481
2024-02-15 14:00:00,1504.6073872735162
2024-02-15 15:00:00,1375.9316396050256
2024-02-15 16:00:00,1753.2141606308019
2024-02-15 17:00:00,1153.7631922418773
2024-02-15 18:00:00,1042.1056005663784
2024-02-15 19:00:00,1544.4318461324783
2024-02-15 20:00:00,1425.8113772723143
2024-02-15 21:00:00,1221.8367867501113
2024-02-15 22:00:00,699.731934033259
2024-02-15 23:00:00,1123.4579358945882
2024-02-16 00:00:00,1357.4382639424252
2024-02-16 01:00:00,926.8950917249747
2024-02-16 02:00:00,1183.5826134519407
2024-02-16 03:00:00,1241.2257599116542
2024-02-16 04:00:00,988.1813422292671
2024-02-16 05:00:00,909.1551990853832
2024-02-16 06:00:00,1110.4430914203433
2024-02-16 07:00:00,1349.1588394470623
2024-02-16 08:00:00,717.6050159212778
2024-02-16 09:00:00,933.9224137687855
2024-02-16 10:00:00,747.9730002785268
2024-02-16 11:00:00,1007.1171057968352
2024-02-16 12:00:00,1004.4946929896132
2024-02-16 13:00:00,768.2847129649003
2024-02-16 14:00:00,860.2855611756559
2024-02-16 15:00:00,957.7950308154619
2024-02-16 16:00:00,1202.3829521811633
2024-02-16 17:00:00,1113.3578341831094
2024-02-16 18:00:00,862.7552904124018
2024-02-16 19:00:00,1037.7687043931585
2024-02-16 20:00:00,1297.403113987718
2024-02-16 21:00:00,1385.8213348762833
2024-02-16 22:00:00,1263.1025233007008
2024-02-16 23:00:00,1225.6989934502446
2024-02-17 00:00:00,1176.8147677537493
2024-02-17 01:00:00,1344.906286484013
2024-02-17 02:00:00,1440.9541900736954
2024-02-17 03:00:00,1464.4719964700535
2024-02-17 04:00:00,1024.3096350938886
2024-02-17 05:00:00,1108.9549345436858
2024-02-17 06:00:00,1031.6431215981834
2024-02-17 07:00:00,1442.0026874761236
2024-02-17 08:00:00,1530.1161435773802
2024-02-17 09:00:00,1192.336848741562
2024-02-17 10:00:00,1665.436403613821
2024-02-17 11:00:00,1471.10796098945
2024-02-17 12:00:00,1742.121185984457
2024-02-17 13:00:00,1736.7887960796402
2024-02-17 14:00:00,1834.7827995014625
2024-02-17 15:00:00,1821.847522445204
2024-02-17 16:00:00,1532.715962205099
2024-02-17 17:00:00,1627.7478440466055
2024-02-17 18:00:00,1826.1977893048943
2024-02-17 19:00:00,1362.3721981300782
2024-02-17 20:00:00,1668.722516709437
2024-02-17 21:00:00,2183.1321497421395
2024-02-17 22:00:00,2124.776480366357
2024-02-17 23:00:00,1997.0989214589465
2024-02-18 00:00:00,2244.6397182616897
2024-02-18 01:00:00,2043.548069053042
2024-02-18 02:00:00,1993.616689096613
2024-02-18 03:00:00,1822.4567068131857
2024-02-18 04:00:00,1728.3496811567097
2024-02-18 05:00:00,2409.2852885099956
2024-02-18 06:00:00,2122.5277460859697
2024-02-18 07:00:00,2346.6203540037354
2024-02-18 08:00:00,2046.9061999427079
2024-02-18 09:00:00,2243.9087127676003
2024-02-18 10:00:00,2445.1557434513516
2024-02-18 11:00:00,2753.66166013839
2024-02-18 12:00:00,2494.344938134257
2024-02-18 13:00:00,2406.363490706945
2024-02-18 14:00:00,2808.7421633218664
2024-02-18 15:00:00,2907.379799357779
2024-02-18 16:00:00,3149.6855043643504
2024-02-18 17:00:00,2611.5826124565915
2024-02-18 18:00:00,2640.5844123451616
2024-02-18 19:00:00,2745.301489319034
2024-02-18 20:00:00,2770.249112519609
2024-02-18 21:00:00,2443.8080548207263
2024-02-18 22:00:00,2826.3168167273393
2024-02-18 23:00:00,2732.217138531843
2024-02-19 00:00:00,2708.7018747440507
2024-02-19 01:00:00,3010.355691654492
2024-02-19 02:00:00,3082.687771016222
2024-02-19 03:00:00,2789.514014342205
2024-02-19 04:00:00,3047.6682942081566
2024-02-19 05:00:00,2949.45430446415
2024-02-19 06:00:00,2960.534112691397
2024-02-19 07:00:00,2955.132166604757
2024-02-19 08:00:00,2945.5312822083984
2024-02-19 09:00:00,2635.6428881455704
2024-02-19 10:00:00,3354.032339698523
2024-02-19 11:00:00,2895.6095034692275
2024-02-19 12:00:00,3187.4257170657074
2024-02-19 13:00:00,3092.0123055600975
2024-02-19 14:00:00,2848.4328147855863
2024-02-19 15:00:00,2855.1632110023706
2024-02-19 16:00:00,2564.317122031685
2024-02-19 17:00:00,3021.4521975022435
2024-02-19 18:00:00,2609.8369608093276
2024-02-19 19:00:00,2836.842431456987
2024-02-19 20:00:00,2859.582031617654
2024-02-19 21:00:00,3296.5689524215477
2024-02-19 22:00:00,2575.837691836871
2024-02-19 23:00:00,2877.2981110884016
2024-02-20 00:00:00,3120.9214415796537
2024-02-20 01:00:00,2437.1477381257873
2024-02-20 02:00:00,2733.851715470265
2024-02-20 03:00:00,2895.6288776706897
2024-02-20 04:00:00,2960.4556500325402
2024-02-20 05:00:00,2793.9378399053394
2024-02-20 06:00:00,2769.4728441617167
2024-02-20 07:00:00,2931.126409929242
2024-02-20 08:00:00,2585.8268831253135
2024-02-20 09:00:00,2549.293957713188
2024-02-20 10:00:00,2901.6797709993484
2024-02-20 11:00:00,2476.930453797923
2024-02-20 12:00:00,2717.8912089044234
2024-02-20 13:00:00,2509.6287082716804
2024-02-20 14:00:00,2283.716211974701
2024-02-20 15:00:00,2291.2379093373675
2024-02-20 16:00:00,2691.1329919566765
2024-02-20 17:00:00,2201.925000516239
2024-02-20 18:00:00,2193.582435499268
2024-02-20 19:00:00,2258.773842903297
2024-02-20 20:00:00,2069.47690474843
2024-02-20 21:00:00,2045.3883280705747
2024-02-20 22:00:00,2333.013537406024
2024-02-20 23:00:00,2167.9814575877635
2024-02-21 00:00:00,2240.3242680339295
2024-02-21 01:00:00,2208.4698812094234
2024-02-21 02:00:00,1968.7271703559022
2024-02-21 03:00:00,1811.0458873250202
2024-02-21 04:00:00,1665.377018266088
2024-02-21 05:00:00,1415.2324069955046
2024-02-21 06:00:00,1630.035142636492
2024-02-21 07:00:00,1569.0013155684262
2024-02-21 08:00:00,1320.9947634519554
2024-02-21 09:00:00,1222.4914128204723
2024-02-21 10:00:00,1496.072724641554
2024-02-21 11:00:00,1351.6136952051718
2024-02-21 12:00:00,1190.4025020820156
2024-02-21 13:00:00,986.0540810431161
2024-02-21 14:00:00,1580.5390504291092
2024-02-21 15:00:00,1479.593584749833
2024-02-21 16:00:00,1040.2816112314595
2024-02-21 17:00:00,1586.3962042661421
2024-02-21 18:00:00,1406.6871723695924
2024-02-21 19:00:00,1224.673544382748
2024-02-21 20:00:00,1306.0694654963304
2024-02-21 21:00:00,1469.688829443563
2024-02-21 22:00:00,1142.050437375832
2024-02-21 23:00:00,1448.6942257997478
2024-02-22 00:00:00,1226.3669370933853
2024-02-22 01:00:00,1455.2915015384385
2024-02-22 02:00:00,1422.8915521156014
2024-02-22 03:00:00,1043.859087646773
2024-02-22 04:00:00,1130.7905640397073
2024-02-22 05:00:00,1282.6231082623563
2024-02-22 06:00:00,1511.8419861769269
2024-02-22 07:00:00,928.8275673458411
2024-02-22 08:00:00,974.9879564772756
2024-02-22 09:00:00,794.979754042629
2024-02-22 10:00:00,1291.4829644819547
2024-02-22 11:00:00,1019.0965971711362
2024-02-22 12:00:00,998.2109821987708
2024-02-22 13:00:00,1163.199592830188
2024-02-22 14:00:00,847.8814045854571
2024-02-22 15:00:00,825.8360432580871
2024-02-22 16:00:00,1256.7069081081145
2024-02-22 17:00:00,1028.3383198596425
2024-02-22 18:00:00,598.4767468788859
2024-02-22 19:00:00,1150.2678834759515
2024-02-22 20:00:00,883.6789848333365
2024-02-22 21:00:00,1242.1435012739507
2024-02-22 22:00:00,1280.2272439935387
2024-02-22 23:00:00,1316.8026389528964
2024-02-23 00:00:00,1279.5097581736727
2024-02-23 01:00:00,1484.5617535230078
2024-02-23 02:00:00,1197.9826796968814
2024-02-23 03:00:00,1547.077443532754
2024-02-23 04:00:00,1075.6304719618188
2024-02-23 05:00:00,1388.9592879948664
2024-02-23 06:00:00,1076.3481532647456
2024-02-23 07:00:00,1337.2915958008223
2024-02-23 08:00:00,1582.389569456531
2024-02-23 09:00:00,1490.9369257054843
2024-02-23 10:00:00,1472.731018568132
2024-02-23 11:00:00,1347.433459474757
2024-02-23 12:00:00,1650.7829926567595
2024-02-23 13:00:00,1650.0492296485495
2024-02-23 14:00:00,1450.2260494700658
2024-02-23 15:00:00,1717.2398329429457
2024-02-23 16:00:00,1655.046857992376
2024-02-23 17:00:00,1916.7235861289319
2024-02-23 18:00:00,2173.351949352776
2024-02-23 19:00:00,1783.4610917530872
2024-02-23 20:00:00,1705.853508411621
2024-02-23 21:00:00,1929.9189163377278
2024-02-23 22:00:00,1844.0707021055264
2024-02-23 23:00:00,2037.146875739075
2024-02-24 00:00:00,1885.404127674815
2024-02-24 01:00:00,2478.4019952999397
2024-02-24 02:00:00,2107.915117743886
2024-02-24 03:00:00,1828.1127234211783
2024-02-24 04:00:00,2655.891737020967
2024-02-24 05:00:00,2780.6466220920047
2024-02-24 06:00:00,2508.215695498881
2024-02-24 07:00:00,2456.4203046758416
2024-02-24 08:00:00,1923.7948114338787
2024-02-24 09:00:00,2379.229769537283
2024-02-24 10:00:00,2609.3393874068734
2024-02-24 11:00:00,2500.4600176878207
2024-02-24 12:00:00,2643.1228359511365
2024-02-24 13:00:00,2590.2517144203434
2024-02-24 14:00:00,2916.8494630054606
2024-02-24 15:00:00,2668.080109802753
2024-02-24 16:00:00,2623.591125913995
2024-02-24 17:00:00,3080.4237193097365
2024-02-24 18:00:00,3183.554600846279
2024-02-24 19:00:00,2753.8657351308498
2024-02-24 20:00:00,2587.728017507281
2024-02-24 21:00:00,2513.23780029261
2024-02-24 22:00:00,2946.7857517858592
2024-02-24 23:00:00,2520.75705607057
2024-02-25 00:00:00,2837.803128963532
2024-02-25 01:00:00,3063.937743503643
2024-02-25 02:00:00,3294.145592222632
2024-02-25 03:00:00,3081.803613758616
2024-02-25 04:00:00,2808.0938737594815
2024-02-25 05:00:00,2768.613375972385
2024-02-25 06:00:00,3239.5829705388287
2024-02-25 07:00:00,3102.226826010252
2024-02-25 08:00:00,3001.5576858191766
2024-02-25 09:00:00,2816.8800313486436
2024-02-25 10:00:00,3376.2470631374836
2024-02-25 11:00:00,2766.8819094731803
2024-02-25 12:00:00,2957.2846352058505
2024-02-25 13:00:00,3040.7943059279137
2024-02-25 14:00:00,2650.4848357345204
2024-02-25 15:00:00,2828.6970544959872
2024-02-25 16:00:00,3148.100576962178
2024-02-25 17:00:00,3154.304429409717
2024-02-25 18:00:00,3077.1261766256216
2024-02-25 19:00:00,2774.988578170111
2024-02-25 20:00:00,2984.734869965322
2024-02-25 21:00:00,2953.7232070928035
2024-02-25 22:00:00,2676.2488251817294
2024-02-25 23:00:00,2794.4069971688177
2024-02-26 00:00:00,2906.7570304647743
2024-02-26 01:00:00,3038.8113022745197
2024-02-26 02:00:00,2510.1858494015737
2024-02-26 03:00:00,2967.868070240358
2024-02-26 04:00:00,2768.103162336641
2024-02-26 05:00:00,2713.9111526456963
2024-02-26 06:00:00,2471.6435466664175
2024-02-26 07:00:00,2788.7781631455578
2024-02-26 08:00:00,2465.4722511872496
2024-02-26 09:00:00,2567.631546877029
2024-02-26 10:00:00,2655.028169791751
2024-02-26 11:00:00,2758.849676927881
2024-02-26 12:00:00,2182.66140008177
2024-02-26 13:00:00,2568.6227913268604
2024-02-26 14:00:00,2566.930086973471
2024-02-26 15:00:00,2363.5705575719267
2024-02-26 16:00:00,2508.9634762060123
2024-02-26 17:00:00,2254.4675395970676
2024-02-26 18:00:00,2342.9625052895444
2024-02-26 19:00:00,2487.296828342152
2024-02-26 20:00:00,2270.432459265307
2024-02-26 21:00:00,2265.715676603942
2024-02-26 22:00:00,1984.81249681751
2024-02-26 23:00:00,2315.471863306282
2024-02-27 00:00:00,2121.2462806244243
2024-02-27 01:00:00,1695.3467627006112
2024-02-27 02:00:00,1618.5888165220858
2024-02-27 03:00:00,1820.3884471506356
2024-02-27 04:00:00,1801.4679846040258
2024-02-27 05:00:00,1940.7469551239676
2024-02-27 06:00:00,1580.294990392286
2024-02-27 07:00:00,2093.3467517175864
2024-02-27 08:00:00,1577.8510661656628
2024-02-27 09:00:00,1667.9742393133183
2024-02-27 10:00:00,1708.1036465405155
2024-02-27 11:00:00,1464.0131647687328
2024-02-27 12:00:00,1665.5186091232833
2024-02-27 13:00:00,1157.4315534992245
2024-02-27 14:00:00,1412.340331017637
2024-02-27 15:00:00,1483.0586166599094
2024-02-27 16:00:00,1403.115974211185
2024-02-27 17:00:00,1344.1976301751463
2024-02-27 18:00:00,1214.9774634960472
2024-02-27 19:00:00,1170.3150369085238
2024-02-27 20:00:00,796.749043524986
2024-02-27 21:00:00,842.5846056649593
2024-02-27 22:00:00,890.8887438923773
2024-02-27 23:00:00,1038.1959832003524
2024-02-28 00:00:00,1224.6155997152425
2024-02-28 01:00:00,1154.6398277956298
2024-02-28 02:00:00,1181.319951735692
2024-02-28 03:00:00,1099.7316400224934
2024-02-28 04:00:00,1066.0069826315616
2024-02-28 05:00:00,1223.9100319420606
2024-02-28 06:00:00,880.4620544316116
2024-02-28 07:00:00,684.1865754043667
2024-02-28 08:00:00,969.127531835626
2024-02-28 09:00:00,866.2884445417609
2024-02-28 10:00:00,1120.1775036164404
2024-02-28 11:00:00,1062.8544802253555
2024-02-28 12:00:00,706.3877962818935
2024-02-28 13:00:00,703.7408774166943
2024-02-28 14:00:00,847.7539341101307
2024-02-28 15:00:00,850.2952177290024
2024-02-28 16:00:00,1457.005536314844
2024-02-28 17:00:00,1076.7735618568295
2024-02-28 18:00:00,1258.0029813033739
2024-02-28 19:00:00,1038.242503098488
2024-02-28 20:00:00,1027.2923326472303
2024-02-28 21:00:00,1026.5512478316605
2024-02-28 22:00:00,1284.5398865077768
2024-02-28 23:00:00,1234.869690822799
2024-02-29 00:00:00,1019.7539693602171
2024-02-29 01:00:00,1193.6224609065744
2024-02-29 02:00:00,1368.1202349745072
2024-02-29 03:00:00,973.8137944256132
2024-02-29 04:00:00,971.5815242441652
2024-02-29 05:00:00,1458.6334943788609
2024-02-29 06:00:00,1582.6642406968936
2024-02-29 07:00:00,1327.390339834196
2024-02-29 08:00:00,1276.4051073197204
2024-02-29 09:00:00,1553.6981156448971
2024-02-29 10:00:00,1532.372013228881
2024-02-29 11:00:00,1210.5218760479993
2024-02-29 12:00:00,1430.5446002981946
2024-02-29 13:00:00,1488.564283295617
2024-02-29 14:00:00,1492.0705575973643
2024-02-29 15:00:00,1640.2007553414935
2024-02-29 16:00:00,1572.3440315321502
2024-02-29 17:00:00,1373.8816352833128
2024-02-29 18:00:00,1794.843834768876
2024-02-29 19:00:00,1982.3571025166548
2024-02-29 20:00:00,1588.7928986959328
2024-02-29 21:00:00,1625.4970062237458
2024-02-29 22:00:00,1670.0360936760637
2024-02-29 23:00:00,2015.1531135710227
